{"cameraMode":{"drawMode":0,"name":"Shaded","section":"Shading Mode"},"sceneLighting":true,"audioPlay":false,"sceneViewState":{"showFog":true,"showMaterialUpdate":false,"showSkybox":true,"showFlares":true,"showImageEffects":true,"showParticleSystems":true},"in2DMode":false,"pivot":{"x":-13.84361743927002,"y":-0.9335813522338867,"z":3.925543785095215},"rotation":{"x":-0.31081604957580569,"y":0.06466010212898255,"z":-0.02119539864361286,"w":-0.9480371475219727},"size":7.757917881011963,"orthographic":false}